5646,Abbey Foregate Sainsburys Collection Pt
2052,Abbey Wood Argos in Sainsburys
65,Aberdare Argos
4402,Aberdeen Garthdee Argos in Sainsburys
6212,Aberdeen Holburn Street Sainsburys CP
833,Aberdeen Portlethen Argos
383,Abergavenny Argos
137,Aberystwyth Argos
337,Abingdon Argos
385,Accrington Argos
5721,Acklam Road Argos Collect Point
5452,Acton Gardens Sainsburys Collect
6331,Acton Horn Lane Sainsburys CP Open Soon
6477,Addiscombe Local
4223,Airdrie Retail Park Argos
5724,Aldershot Ash Road Local Argos Collect
898,Alloa Argos
2194,Alnwick Argos in Sainsburys
4495,Alperton Argos in Sainsburys
6380,Alphington Road
5470,Alsager Loc Sainsburys CP
4225,Alton Argos in Sainsburys
4496,Altrincham Argos in Sainsburys
753,Ammanford Argos
4411,Andover North Argos in Sainsburys
4300,Angel Islington Argos
5723,Anlaby Sainsburys Local Collection Point
6325,Apsley Mills
2415,Apsley Mills Argos in Sainsburys
303,Arbroath Argos
5398,Archway Sainsburys Collection Point
2422,Argos Alphington Road in Sainsburys
4191,Argos Barnsley Peel Retail Park
2310,Argos Bretton In sainsburys OPENING SOON
6328,Argos Fulham BroadWay Collection Point
2257,Argos Hessle Inside  Sainsburys
2311,Argos Kings Lynn in sainsburys OPEN SOON
2421,Argos Queens Road inside Sainsbury's
2258,Argos Scunthorpe inside Sainsbury's
4729,Armagh Argos in Sainsburys
4806,Arnold Argos in Sainsburys
4414,Ascot Argos in Sainsburys
943,Ashbourne Retail ParkCLOSING 24.06
5261,Ashbourne Sainsburys Collection Point
5465,Ashford New Parade Sainsburys Collect
365,Ashington Argos
4713,Ashton Moss Argos in Sainsburys
768,Ashton under Lyne Snipe Retail Park
5024,Attleborough Sainsburys Collection Point
6470,Avenue Road Local
4085,Aylesbury Gatehouse Argos in Sainsburys
4397,Aylesford Larkfield Argos in Sainsburys
4676,Bagshot Road Argos in Sainsburys
6468,Balderton Local Superstore
20,Balham Argos
5433,Balham Hill Sainsburys Collect Point
5704,Balham Sainsburys Collection Point
4420,Ballymena Argos in Sainsburys
4453,Bamber Bridge Argos in Sainsburys
4419,Banbury Argos in Sainsburys
5713,Banbury Warwick Rd Argos Collect
809,Bangor Argos
4437,Bangor Balloo Argos in Sainsburys
6016,Barnehurst Sainsburys Collect Point
6054,Barnes High Street Sainsbury's CP
766,Barnsley Cortonwood Argos
4443,Barnstaple Argos in Sainsburys
4175,Barnstaple Rose Lane Argos
4803,Barnwood Argos in Sainsburys
4178,Barrow in Furness Walney Road
789,Barry Argos
6442,Barry Park Cresent Local
4767,Basingstoke Town Argos in Sainsburys
300,Bathgate Argos
5742,Bath Green Park Sainsburys Collect Point
2029,Bath Odd Down Argos in Sainsburys
5460,Bath Sainsburys Local Collection Point
5347,Bath Southgate Sainsburys Collect Point
5998,Battersea Park Loc Sainsburys CP
5639,Battlefield Road Sainsburys Collect
5966,Bawtry High St Sainsburys Collect Point
4506,Beaconsfield in Sainsburys
5429,Beaufort St Sainsburys Collect
5056,Beckenham Sainsburys Collection Point
4022,Beckton Argos in Sainsburys
6096,Bedford Great Denham Collection Point
5472,Bedworth Coventry Rd Sainsburys Collect
5749,Beeston Sainsburys Collection Point
840,Belfast Castle Court Argos
4407,Belfast Forestside Argos in Sainsburys
6447,Belvedere Nuxley Road Local
6070,Bermondsey Station Sainsburys Collect Pt
4726,Berryden Road Argos in Sainsburys
6204,Berrylands Avenue Raeburn Collect Point
294,Berwick upon Tweed Argos
5988,Bethnal Green Sainsburys Local Collect
6023,Bewdley Dog lane Collection Point
5183,Bexhill on Sea Sainsburys Collection
4859,Bexleyheath in Sainsburys
4479,Bicester Argos in Sainsburys
4395,Biddulph Argos in Sainsburys
2079,Biggleswade Argos in Sainsburys
352,Billingham Argos
5732,Billingshurst Local Argos Collect
4182,Bilston Argos
6046,Bingham Sainsburys CP
5494,Birkdale Liverpool Road Sainsburys CP
4168,Birkenhead Argos in Sainsburys
4118,Birmingham Bearwood Argos
5401,Birmingham Colmore Sainsburys Collect
4403,Birmingham Longbridge in Sainsburys
842,Birmingham Union Street Argos
4188,Birstall Argos
4529,Bishop Auckland in Sainsburys
4808,Bishops Stortford Argos in Sainsburys
5078,Bishops Stortford Thorley Sainsburys CP
5714,Bishops Waltham Sainsburys Collect
6090,Bishopton Dargavel Village Collect Point
4537,Bitterne Argos in Sainsburys
693,Blackburn Towns Moor
6406,Blackfield Hampton Lane Local
6304,Blackpole
4424,Blackpool Argos in Sainsburys
5150,Blackpool Red Bank Road Sainsburys CP
6060,Blairgowrie High Street Sainsbury's CP
4675,Bodmin Argos in Sainsburys
4327,Bognor Regis Argos in Sainsburys
6398,Bolton
5493,Bolton Darwen Rd Sainsburys Collection
4172,Bolton Shopping Park Argos
501,Borehamwood Argos
6094,Borough Green Wrothan Rd Collect Point
5428,Borough High Street Sainsburys Collect
6232,Borough Long Lane Sainsbury's Collect PT
4644,Boscombe Argos in Sainsburys
10,Boston Argos
4476,Bourne Argos in Sainsburys
4079,Brackley Argos in Sainsburys
4421,Bradford Argos in Sainsburys
545,Bradford Forster Square Argos
5228,Bradford on Avon Sainsburys Collect Pt
4672,Braehead Argos in Sainsburys
2058,Braintree Argos in Sainsburys
6338,Bramhall Woodford Rd Sainsburys CP
4508,Bramingham Park Argos in Sainsburys
6449,Branston Local
6450,Brecks Local
4526,Brentwood in Sainsburys
6397,Bretton
4656,Bridgend Argos in Sainsburys
5525,Bridge Street Sainsburys Collect
5450,Bridgnorth Road Sainsburys Collect
5281,Bridgnorth Sainsburys Collection Point
2087,Bridgwater Argos in Sainsburys
389,Bridlington Argos
4497,Brierley Hill Amblecote in Sainsburys
442,Brierley Hill Merry Hill Argos
4800,Brighouse Argos in Sainsburys
775,Brighton Carden Avenue Argos
5458,Brighton Preston Rd Sainsburys CP
5029,Brighton Sainsbury Click and Collect
5970,Brighton Western Road Sainsburys CP
6401,Brindley Pl Local
6175,Bristol Avon Street Sainsburys CP
4386,Bristol Castle Court Argos in Sainsburys
5163,Bristol Clifton Down Sainsburys Collect
5165,Bristol Dingles Collection Point
4376,Bristol East Filton Argos in Sainsburys
5309,Bristol Fishponds Rd Sainsburys Collect
509,Bristol Galleries Argos
5316,Bristol Gloucester Rd Sainsburys Collect
5455,Bristol Hippodrome Sainsburys Collect
689,Bristol Imperial Park Argos
4458,Bristol Kingswood Argos in Sainsburys
5310,Bristol Warmley Hill Sainsburys Collect
6097,Brixham New Road Collection Point
6394,Brixton
531,Brixton Argos
5307,Brixton Hill Sainsburys Collect Point
5311,Brixton Lambert Rd Sainsburys Collect Pt
4805,Broadcut Argos in Sainsburys
6300,Broadmead Sainsbury's Collection Point
6383,Broad St
896,Bromborough Argos
4667,Bromley Argos in Sainsburys
5545,Bromley by Bow Sainsburys Collect
5293,Bromley Upper Sainsburys Collect Point
127,Bromsgrove Argos
6451,Brough Local
5427,Buchanan Galleries Sainsburys Collect
5288,Buckingham Sainsburys Collection Point
4465,Bude Argos in Sainsburys
6441,Buntingford High Street Local
2309,Burnley Argos in Sainsbury's
6405,Burton Latimer
6319,Burton on Trent
6464,Burton Town Local
175,Burton upon Trent Argos
364,Bury Angouleme Way Argos
4692,Bury St Edmunds Argos in Sainsburys
311,Buxton Argos
4696,Bybrook Argos in Sainsburys
6439,Caerleon Mill Street Local
4326,Calcot Reading Argos in Sainsburys
5226,Calne Sainsburys Collection Point
6081,Calverton Sainsburys Collection Point
4793,Camberley Argos in Sainsburys
6005,Camberwell Loc Sainsburys Collect Point
329,Camborne Argos
5544,Camborne Avenue Sainsburys Collect Point
6502,Cambridge Eddington
4478,Cambridge Eddington Argos
6369,Cambridge Hobson Square Collection Point
5503,Cambridge Stn Rd Sainsburys Collect Pt
6326,Camden
117,Camden Argos
4503,Cameron Toll Argos in Sainsburys
5284,Canada Water Sainsburys Collection Point
4498,Canley Argos in Sainsburys
4547,Cannock Argos in Sainsburys
2148,Canterbury Argos in Sainsburys
6056,Canterbury Old Dover Road Sainsbury's CP
6064,Canute Place Sainsburys Collection Point
4816,Canvey Island Argos in Sainsburys
5974,Cardiff Sainsburys Collection Point
4435,Cardiff Thornhill Argos in Sainsburys
5464,Cardiff Whitchurch Rd Sainsburys Collect
5404,Cardiff Woodville Rd Sainsburys Collect
4687,Carlisle Argos in Sainsburys
4151,Carlisle Kingstown Retail Park Argos
6474,Carlisle Stanwix Local
7,Carmarthen
4418,Carrickfergus Argos in Sainsburys
6186,Carshalton Green Wrythe Lane Collect Pt
4691,Castle Boulevard Argos in Sainsburys
4645,Castlepoint in Sainsburys
4482,Castle Vale Argos in Sainsburys
5935,Catford Station Sainsburys Collect Point
5542,Causewayside Sainsburys Collect Point
6311,Central Croydon
4511,Chaddesden in Sainsburys
4864,Chadwell Heath Argos in Sainsburys
2065,Chafford Hundred Argos in Sainsburys
5325,Chalk Farm Sainsburys Collection Point
5554,Chapel Street Sainsburys Collection
4159,Chard Argos in Sainsburys
4786,Charlton Riverside Argos in Sainsburys
5986,Chatham Sainsburys Collection Point
5550,Cheadle High St Sainsburys Collect Point
4514,Cheadle Royal Argos in Sainsburys
5488,Cheam Sainsbury Collect
4251,Cheapside Argos
6008,Cheddar Roynon Way Sainsburys CP
5556,Chelmsford Beaulieu Sainsburys Collect
526,Chelmsford Chelmer Village Argos
5727,Cheltenham High St Sainsburys Collection
5089,Cheltenham Oakley Sainsburys Collect
5231,Chertsey Sainsburys Collection Point
4477,Chesham Argos in Sainsburys
5287,Chessington Sainsburys Collection Point
4647,Chester Argos in Sainsburys
4703,Chesterfield Argos in Sainsburys
530,Chester Greyhound Park Argos
5983,Chester Le St Sainsburys Collect Point
4444,Chichester Argos in Sainsburys
6161,Chingford Sainsburys Collection Point
4493,Chippenham Argos in Sainsburys
6115,Chipping Norton Collection Point
5077,Chipping Ongar Sainsburys Collect Point
6013,Chislehurst Sainsburys Collection Point
4483,Chiswick Argos in Sainsburys Superstore
5305,Chiswick Sainsburys Local Collect Point
5012,Christchurch Sainsburys Collection Point
6211,Church Crookham Sandy Lane CP
62,Cirencester Argos
228,Clacton on Sea Argos
4167,Clapham Common Argos in Sainsburys
5946,Clapham Junction Loc Sainsburys CP
5441,Clapham North Station Sainsburys Collect
5520,Cleethorpes Loc Sainsburys Collect
6069,Clevedon Hill Road Collection Point
5950,Cleveleys Victoria Rd Sainsburys CP
6448,Clifton Way Local
4660,Clitheroe Argos in Sainsburys
5247,Closed - Aylesbury Sainsburys CP
5566,Closed - Biggleswade Sainsburys CP
5637,Closed - Blackpole Sainsburys CP
388,Closed - Blackwood Argos
5152,Closed - Bolton Sainsburys CP
5257,Closed - Braintree Sainsburys CP
5245,Closed - Bretton Sainsburys CP
5578,Closed - Bridgwater Sainsburys CP
5263,Closed - Burnley Sainsburys CP
5565,Closed - Burton On Trent Sainsburys CP
5246,Closed - Camden Sainsburys CP
5158,Closed - Coldhams Lane Sainsburys CP
5563,Closed - Coleraine Sainsburys CP
363,Closed - Congleton Argos
5253,Closed - Crystal Peaks Sainsburys CP
5154,Closed - Downland BusinessPark Sburys CP
5242,Closed - Edenthorpe Sainsburys CP
5641,Closed - Edgware Sainsburys CP
5583,Closed - Eltham Sainsburys CP
5731,Closed - Forestside Sainsburys CP
5118,Closed - Grimsby Sainsburys CP
5562,Closed - Hayes Sainsburys CP
160,Closed - Hayes Station Road Argos
5271,Closed - Kettering Sainsburys CP
5250,Closed - Kilburn Sainsburys CP
5282,Closed - Kirkcaldy Sainsburys CP
5567,Closed - Kirkintilloch Sainsburys CP
5097,Closed - Leigh Sainsburys CP
5584,Closed - Leven Sainsburys CP
5274,Closed - Livingston Sainsburys CP
5367,Closed - Longwater Sainsburys CP
5040,Closed - Milton Keynes Sainsburys CP
5730,Closed - Newry Sainsburys CP
5572,Closed - North Finchley Sainsburys CP
5576,Closed - Portishead Sainsburys CP
5412,Closed - Redditch Sainsburys CP
5368,Closed - Rushmere Sainsburys CP
5564,Closed - Salisbury Sainsburys CP
5239,Closed - Scunthorpe Sainsburys CP
5045,Closed Shenley Church End Collection
5209,Closed - Shrewsbury Sainsburys CP
5207,Closed - South Ruislip Sainsburys CP
5573,Closed - Spalding Sainsburys CP
5582,Closed - Sprucefield Park Sainsburys CP
5213,Closed - Stanway Sainsburys CP
5234,Closed - Stockport Sainsburys CP
5364,Closed - Strand Rd Sainsburys CP
5266,Closed - Telford Sainsburys CP
5270,Closed - Thanet Westwood Cross Sbury CP
5237,Closed - Upton Sainsburys CP
5103,Closed - Wadsley Bridge Sainsburys CP
5147,Closed - Wakefield Marsh Way Sburys CP
5273,Closed - Waltham Cross Sainsburys CP
5569,Closed - Walthamstow High St Sburys CP
5187,Closed - Warrington Sainsburys CP
5180,Closed - Watford Albert Rd Sainsburys CP
5244,Closed - Wellesbourne Sainsburys CP
5268,Closed - Worle Sainsburys CP
5366,Closed - Wrexham Sainsburys CP
318,Coalville Argos
5734,Cobblers Hall Sainsburys CP
4688,Cobham Argos in Sainsburys
6323,Cockermouth
4582,Colchester Avenue Argos in Sainsburys
5313,Colchester Layer Rd Sainsburys Collect
6209,Colchester Town Centre Sainsbury's CP
4788,Coldhams Lane Argos in Sainsburys
4090,Coleraine Argos in Sainsburys
5678,Colindale Station Sainsburys Collect
5292,Colleague Collection Point Acton Gate
5276,Colleague Collection Point Ansty
5050,Colleague Collection Point Holborn
2059,Colne Argos in Sainsburys
4086,Colwick Argos in Sainsburys
5417,Commercial Road Sainsburys Collect
5557,Compton Road Sainsburys Local Collect
6067,Conisbrough Sainsburys Collection Point
25,Consett Argos
91,Cookstown Argos
4170,Corby Oasis Retail Park Argos
5729,Corby Priors Hall Sainsburys CP
4546,Coreys Mill Argos in Sainsburys
5540,Coten End Local Sainsburys CP
6402,Cotgrave Local
582,Coventry Gallagher Argos
6340,Coventry Station Sainsburys CP
6210,Coventry Trinity Street Collection Point
803,Craigavon Argos
4789,Cramlington Argos in Sainsburys
6111,Cranleigh Sainsburys Collection Point
466,Crawley Kingsgate Argos
4324,Crayford Argos in Sainsburys
653,Cromer Argos
4382,Cromwell Road Argos in Sainsburys
6500,Crosby
4649,Crosby Argos
6305,Crouch End  Broadway Sainsbury C&amp;C
6043,Crowborough Sainsburys Collection Point
403,Croydon Church Street Argos
5514,Croydon George St Sainsburys Collect Pt
5478,Croydon Thornton Sainsburys Collect
4640,Crystal Palace Argos
4095,Crystal Peaks Argos in Sainsburys
6109,Cubbington Rugby Road Collection Point
5106,Culcheth Sainsburys Collection Point
282,Cumbernauld Argos
4047,Cwmbran Argos in Sainsburys
822,Cyfarthfa Retail Park Argos
6494,Dagenham Beam Park Sainsburys OPEN SOON
4137,Dagenham Merrielands RP Argos
6437,Dalkeith Salters Road Local
6321,Dalston
74,Dalston Argos
4701,Darlington Argos in Sainsburys
4845,Darnley Argos in Sainsburys
4790,Dartford Argos in Sainsburys
4670,Dartmouth Argos in Sainsburys
5022,Darwen Sainsburys Collection Point
273,Daventry Argos
5142,Dawlish Sainsburys Collection Point
4065,Deal Argos in Sainsburys
5072,Debden Sainsburys Collection Point
6391,Denny
4517,Denton Argos in Sainsburys
6233,Deptford Station Collection Point
5829,Derby Sainsburys Collection Point
319,Dereham Argos
6034,Desborough Harborough RD Collect Point
5006,Devizes Sainsburys Collection Point
4725,Dewsbury Argos in Sainsburys
4548,Didcot Argos in Sainsburys
5976,Doncaster Frenchgate Sainsburys CP
5904,Dorchester Loc Sainsburys Collect Point
6170,Dorking Sainsburys Collection Point
6503,Dorridge
4394,Dorridge Argos
370,Dover Argos
4124,Downpatrick Argos
5720,Droitwich Worcester Rd Collection Point
4683,Dronfield Argos in Sainsburys
4426,Dulwich Argos in Sainsburys
906,Dumbarton Argos
157,Dumfries Church Place Argos
4469,Dundee Argos in Sainsburys
660,Dundee Overgate Argos
4236,Dunfermline Halbeath Argos
4096,Dungannon Argos Sainsburys
2056,Dunstable Argos Sainsburys
4325,Durham Argos in Sainsburys
6438,Durham Newcastle Road Local
6018,Durrington Local Sainsburys CP
4671,Dursley Argos in Sainsburys
6465,Eagle Parade Local
6042,Ealing Broadway Sainsburys Collection Pt
6443,Ealing Northfields Avenue Local
5985,Earlsfield Sainsburys Collect Point
503,Eastbourne Admiral Retail Park Argos
5186,Eastbourne The Beacon Sainsburys Collect
5642,East Croydon Station Sainsburys CP
6478,East Dulwich Local
5574,East Grinstead Sainsburys Collection
6242,East Ham
29,East Ham Argos
6191,East Horsley Ockham Collection Point
4684,East Kilbride Argos in Sainsburys
5782,Eastleigh Sainsburys Collection Point
2084,East Mayne Argos in Sainsburys
4494,East Prescot Road in Sainsburys
580,Ebbw Vale Argos
2085,Edenthorpe Argos in Sainsburys
2080,Edgware Argos in Sainsburys
4417,Edinburgh Blackhall Argos in Sainsburys
5442,Edinburgh Dundee St Sainsburys Collect
889,Edinburgh Kinnaird Retail Park Argos
4540,Edinburgh Longstone in Sainsburys
5320,Edinburgh Shrubhill Sainsburys Collect
5295,Edinburgh St Andrews Sainsburys Collect
4169,Edmonton Ravenside Retail Park Argos
6329,Elephant &amp; Castle Sainsbury Collet Point
357,Elgin Argos
4371,Ellesmere Port Argos in Sainsburys
5498,Elm Park Hornchurch Sainsburys Collect
5995,Eltham
237,Eltham Argos
4432,Ely Argos in Sainsburys
2064,Emersons Green Argos in Sainsburys
2057,Enfield Argos in Sainsburys
271,Enniskillen Argos
4380,Epsom Kiln Lane Argos in Sainsburys
4196,Evesham Retail Park Argos
5439,Ewell Road Sainsburys Collect
4379,Exeter Pinhoe Road Argos in Sainsburys
5962,Exeter Sainsburys Collection Point
4727,Fairfield Park Argos in Sainsburys
928,Fakenham Argos
823,Falkirk Retail Park Argos
4840,Fallowfield Argos in Sainsburys
4639,Falmouth Argos in Sainsburys
4682,Farlington Argos in Sainsburys
6452,Farm Street Local
4409,Farnborough Argos in Sainsburys
4718,Farnham Argos in Sainsburys
5435,Farnley Sainsburys Collect Point
5490,Faulkner Street Sainsburys Local Collect
4820,Faversham Argos in Sainsburys
277,Felixstowe Argos
5121,Ferndown Sainsburys Collection Point
5527,Ferryhill Sainsbury CP
5508,Fetcham Sainsburys Collection Point
6400,Fetter Lane Local
5802,Finchley Regents Park Sainsburys CP
4837,Finchley Road Argos in Sainsburys
6444,Flackwell Heath Straight Bit Local
5964,Fleet Sainsburys Collection Point
4083,Flint Argos in Sainsburys
6169,Folkestone Town Centre Sainsburys CP
4410,Folkestone West Park Farm in Sainsburys
6085,Forest Hall Sainsbury's Collection Point
5055,Forest Hill Sainsburys Collection point
878,Fort William Argos
4834,Fosse Park Argos in Sainsburys
805,Fraserburgh Argos
6472,Freshwater Local
6036,Frimley Sainsburys Collection Point
6407,Frodsham Eddisbury Square Local
4838,Frome Argos in Sainsburys
5515,Fulford Loc Sainsburys CP
6381,Fulham Broadway
5719,Fulham Darlan Rd Argos Collection Point
4460,Fulham Wharf Argos in Sainsburys
670,Gainsborough Argos
203,Galashiels Argos
6117,Garstang Sainsbury's Collection Point
4404,Gateshead Team Valley in Sainsburys
5553,Giffnock Sainsburys Loc Collect
5440,Gilda Brook Road Sainsburys Collect
6087,Gilesgate Sainsburys Collection Point
6072,Gillingham Road Collection Point
4323,Glasgow Drumchapel Argos in Sainsburys
784,Glasgow Fort Argos
5168,Glasgow Muirend Sainsburys Collection
5532,Glasgow Novar Drive Sainsburys Collect
437,Glasgow Stockwell Street Argos
5421,Glasgow Western Rd Sainsbury TEMP CLOSED
5543,Gleadless Sainsburys Local Collection
4504,Glen Road in Sainsburys
888,Glossop Argos
4440,Gloucester in Sainsburys St Ann Way
4425,Godalming Argos in Sainsburys
5973,Golders Green Superstore Sainsburys CP
148,Goole Argos
5497,Gornal Wood Loc Sainsburys CP
4814,Gosforth Argos in Sainsburys
276,Gosport Argos
4846,Grantham Argos in Sainsburys
4794,Great Yarmouth Argos in Sainsburys
286,Greenock Argos
5296,Greenwich Creek Rd Sainsburys Collect Pt
5298,Greenwich High Rd Sainsburys Collect Pt
6377,Grimsby
2256,Grimsby Argos in Sainsburys
6453,Grovehill Road Local
4431,Guildford Burpham Argos in Sainsburys
6012,Guildford Sainsburys Collection Point
5416,Guildhall Walk Sainsburys Collect
4680,Guisborough Argos in Sainsbury's
659,Guiseley Argos
5286,Hackney Town Hall Sainsburys Collect Pt
2186,Hadleigh Road Argos in Sainsbury's
674,Hailsham Argos
4398,Halifax Argos in Sainsburys
656,Halifax Greenmount Argos
5134,Halstead Sainsburys Collection Point
6469,Haltwhistle
4473,Hamilton Argos in Sainsburys
4140,Hamilton Palace Retail Park Argos
5748,Hammersmith Goldhawk Sainsburys CP
6039,Hammersmith Sainsburys Collection Point
4534,Hampden Park Argos in Sainsburys
6183,Hampstead High St Sainsburys Collect Pt
6306,Hampton
4412,Hampton St Clares Argos in Sainsburys
4475,Hankridge Farm Argos in Sainsburys
6206,Hanwell Uxbridge Sainsburys CP
4802,Harlow Argos in Sainsburys
897,Harlow Retail Park Argos
5486,Harold Hill Sainsburys Local Collect
5027,Harpenden Sainsburys Collection Point
2078,Harringay Argos in Sainsburys
4461,Harrogate Argos in Sainsbury
5306,Harrow Rayners Lane Sainsburys Collect
5468,Hartford Chester Rd Sainsburys Collect
4209,Hartlepool Marina Argos
796,Harwich Argos
5516,Haslucks Green Rd Sainsburys Collect
5715,Hassocks Keymer Rd Argos Collect Point
5725,Hastings Station Plaza Sainsburys CP
279,Haverfordwest Argos
4818,Haverhill Argos in Sainsburys
4445,Hawick Argos in Sainsburys
5067,Haxby Sainsburys Collection Point
4831,Hayes Argos in Sainsburys
6017,Hayling Island Sainsburys Collect Point
4659,Haywards Heath Argos in Sainsburys
4369,Hazel Grove Argos in Sainsburys
6399,Headcorn Local
5466,Headley Rd Sainsburys Collection Point
6157,Heathfield High St Sainsbury's CP
4530,Heaton Newcastle in Sainsburys
4536,Heaton Park in Sainsburys
4500,Hedge End Argos in Sainsburys
4666,Hedon Argos in Sainsburys
4509,Helston Argos in Sainsburys
4787,Hempstead Valley in Sainsburys
4690,Hendon Superstore Argos in Sainsburys
6352,Henfield High Street Collection Point
5476,Henley Loc Sainsburys Collect Point
4399,Hereford Argos in Sainsburys
4144,Herne Bay Argos in Sainsburys
6156,Hertford Sainsburys Collection Point
5537,Heswall Pensby Sainsburys Collection Pt
6214,Highgate Archway Rd Sainsburys CP
5552,High Green Loc Sainsburys Collection Pt
5076,Highlands Village Sainsburys Collect Pt
4707,High Wycombe Argos in Sainsburys
4485,Hinckley Argos in Sainsburys
4486,Hitchin Argos in Sainsburys
4385,Hoddesdon Argos in Sainsburys
221,Holborn Chancery Lane Argos
5304,Holborn Sainsburys Collection Point
480,Holloway Argos
5968,Holmes Chapel Sainsburys Collect Point
5559,Holmfirth Market Walk Sainsburys Collect
4832,Holyhead Argos
4521,Holywood Exchange in Sainsburys
2254,Hook Argos in Sainsbury's
6068,Horley Bonehurst Road Collection Point
2000,Hornchurch Argos in Sainsburys
6505,Hornsey
4722,Hornsey Argos
4839,Horsham Argos in Sainsburys
5726,Horwich Argos Collection Point
453,Hounslow Argos
5479,Hounslow Staines Rd Sainsburys CP
6044,Hoylake Sainsbury's Collection Point
4211,Hucknall Argos
6006,Huddersfield Market Street Sainsburys CP
5110,Huddersfield Salendine Nook Collection
662,Hull Kingswood Argos
5153,Hunstanton Sainsburys Collection Point
4484,Huntingdon Argos in Sainsburys
4510,Hythe in Sainsburys
6314,Ilford
462,Ilford Argos
5218,Ilford Barkingside Sainsburys Collect
4438,Ilford Newbury Park Argos in Sainsburys
4190,Ilkeston Waterside Retail Park Argos
6466,Inverkip Local
673,Inverness Eastfield Way Argos
4174,Inverurie Argos
4583,Ipswich Upper Brook Street in Sainsburys
4406,Ipswich Warren Heath Argos in Sainsburys
4063,Irvine Argos in Sainsburys
4231,Isle of Wight Argos
4513,Isle of Wight in Sainsburys
5504,Isleworth London Rd Sainsburys Collect
6318,Islington
5511,Islington St John Sainsburys CP
4329,Keighley Argos in Sainsburys
4539,Kelso Argos in Sainsburys
4712,Kempshott Argos in Sainsburys
2134,Kempston Argos in Sainsburys
4874,Kendal Argos in Sainsburys
4810,Kenilworth Argos in Sainsburys
5402,Kentish Town Sainsburys Collect
4121,Kenton Argos in Sainsburys
6184,Ketley Holyhead Sainsburys Collect Point
6324,Kettering
4204,Kettering Shopping Park Argos
5530,Keynsham Market Place Sainsburys Collect
6403,Keyworth Local
6019,Kidbrooke Village Sainsbury CP
4541,Kidderminster in Sainsburys
4848,Kidlington inside Sainsburys
6307,Kilburn
447,Kilburn Argos
5171,Kilmarnock Stewarton Collection Point
6302,Kings Heath
6393,Kings Lynn Hardwick
4177,Kings Lynn Hardwick Retail Park Argos
4642,Kings Lynn Vancouver Argos in Sainsburys
6112,Kings Mall Sainsburys Collection Point
6454,Kings Road Local
5984,Kingston Sainsburys Collection Point
4505,Kingston Sury Basin in Sainsburys
6501,Kingsway
2002,Kingsway Argos in Sainsburys
5546,Kinnaird Village Sainsburys Collect Pt
5195,Kinross Sainsburys Collection Point
6378,Kirkcaldy
4173,Kirkcaldy Fife Retail Park Argos
4097,Kirkintilloch Argos in Sainsburys
4408,Knaphill Brookwood Argos in Sainsburys
5982,Knaresborough Loc Collection Point
4681,Ladbroke Grove Argos in Sainsburys
5088,Lampeter Sainsburys Collection Point
877,Lanark Argos
4879,Lancaster Argos in Sainsburys
779,Larne Argos
783,Launceston Argos
4487,Leamington Spa Argos in Sainsburys
2003,Leatherhead Argos in Sainsburys
2070,Leeds Colton Argos Sainsburys
468,Leeds Crown Point Argos
5109,Leeds Headingley Sainsburys Collect Pt
6390,Leeds Headrow
4153,Leeds Headrow Argos
5407,Leeds Royal Park Road Sainsburys Collect
6341,Leeds SOYO Sainsbury's Collection Point
5501,Leeds Street Lane Sainsburys Collect
4456,Leeds White Rose Argos in Sainsburys
4468,Lee Green in Sainsburys
4528,Leek Argos in Sainsburys
417,Leicester Belgrave Gate Argos
4665,Leicester North Argos in Sainsburys
5711,Leicester Square Collect Point
4046,Leigh Argos in Sainsburys
6445,Leigh On Sea London Road Local
815,Leighton Buzzard Argos
5549,Leith Craighall Rd Sainsburys Collection
4693,Letchworth Argos in Sainsburys
793,Letterkenny Argos CLOSING 24.06
2004,Leven Argos in Sainsburys
310,Lewes Argos
4866,Lewes Road Argos in Sainsburys
2005,Lewisham Argos in Sainsburys
5876,Lewisham Grove Park Sainsburys CP
6411,Leyton High Road Local
4200,Leytonstone Argos
4844,Lincoln Argos in Sainsburys
5902,Lincoln Carholme Road Sainsburys CP
4847,Linlithgow Argos in Sainsburys
6020,Liphook Sainsburys Collection Point
835,Lisburn Sprucefield Argos
903,Liskeard Argos
5005,Littleborough Sainsburys Collect Point
5519,Littlehampton Rd Sainsburys Collect
5185,Littlehampton Sainsburys Collect Point
4436,Liverpool Great Homer St in Sainsburys
6371,Liverpool Princes Dock C&amp;C Opening Soon
4489,Liverpool Rice Lane Argos in Sainsburys
5300,Liverpool Station Sainsburys Collect Pt
70,Liverpool St. Johns Argos
4392,Liverpool Woolton Argos in Sainsburys
5453,Liversedge Sainsburys Collection Point
4043,Livingston Argos in Sainsburys
2063,Llandudno Argos
4142,Llanelli Parc Pemberton Argos
4643,Locksbottom Argos in Sainsburys
4378,London Colney Argos in Sainsburys
5905,London Crouch Hill Sainsburys Collect
6471,London Queensway Local
43,Long Eaton Argos
6436,Long Eaton Tamworth Road Local
6118,Longridge Sainsbury's Collection Point
811,Longton Argos
4833,Longwater Argos in Sainsburys
5443,Loose Road Sainsburys Collect
4388,Lords Hill Argos in Sainsburys
5410,Lordship Lane Sainsburys Collect Point
2006,Loughborough Argos in Sainsburys
4005,Loughton Argos in Sainsburys
400,Louth Argos
5409,Lower Clapton Rd Sainsburys Collect
5547,Lower Earley Maiden Place Sainsburys CP
891,Lowestoft North Quay
4501,Ludlow Argos in Sainsburys
5436,Lupset Sainsburys Collect
2083,Luton Argos in Sainsburys
926,Luton Gipsy Lane Argos
6396,Lymm
5747,Lymm The Cross Sainsbury's Collection PT
2189,Lyons Farm Argos In Sainsburys
2007,Lytham St Annes Argos in Sainsburys
4447,Macclesfield Argos in Sainsburys
561,Maesteg Argos
6339,Maghull Central Square Sainsburys CP
4427,Maidenhead Argos in Sainsburys
5529,Maidenhead Wooton Way Collect Point
2055,Maidstone Argos in Sainsburys
6455,Malton Local
131,Malvern Argos
661,Manchester Arndale Argos
848,Manchester Fort Argos
5517,Mandeville Road Sainsburys Collect
4492,Mansfield Argos in Sainsburys
5096,Mansion House in Sainsburys Collect
111,Marble Arch Argos
2043,March Argos in Sainsburys
918,Market Drayton Argos
4082,Market Harborough Argos in Sainsburys
5026,Marlow Sainsburys Collection Point
4091,Marshall Lake Argos in Sainsburys
5492,Marshalswick Sainsbury Collect
5241,Matlock Sainsburys Collection Point
4697,Maypole Argos in Sainsburys
5907,Meadowbank Sainsburys Collection Point
5285,Melbourne Derby Rd Sainsburys Collect Pt
4830,Melksham Argos in Sainsburys
2012,Melton Mowbray Argos in Sainsburys
4374,Mere Green Argos in Sainsburys
4878,Merton Argos in Sainsburys
6456,Mickleover Local
4087,Middlehaven Argos
4522,Middlesbrough in Sainsburys
6198,Middleton St George Collection Point
6467,Middle Warren
5249,Midhurst Bepton Road Collect
2013,Midsomer Norton Argos in Sainsburys
5156,Mildenhall Sainsburys Collection Point
5526,Milngavie Road Sainsburys Collection
6389,Milton Keynes
415,Milton Keynes Grafton Gate
5997,Milton Keynes Granville Sainsburys CP
4187,Minehead Argos
5414,Mold Mynydd Sainsburys Collect
6457,Monk Bretton Local
894,Montrose Argos
6499,Moortown
4396,Moortown Argos
5321,Morden Martin Way Sainsburys Collect Pt
6113,Morden Sainsburys Collection Point
4401,Morecambe Argos in Sainsburys
5073,Mornington Crescent Sainsburys Collect
6049,Morpeth Shields Rd Collection Point
4694,Murrayfield Argos in Sainsburys
6163,Muswell Hill Sainsburys Collection Point
5485,Nags Head Hill Sainsburys Collect Point
4538,Nairn Argos in Sainsburys
4321,Nantwich Argos in Sainsburys
226,Neath Argos
4825,Neston Argos in Sainsburys
6080,Netherfields Sainsburys Collection point
227,Newark on Trent Argos
4641,New Barnet Argos in Sainsburys
4768,Newbury Argos in Sainsburys
6095,Newcaste Chiilingham Collect Point
4104,Newcastle Byker Argos
6086,Newcastle Denton Burn Collection Point
4127,Newcastle Eldon Square Argos
6048,Newcastle Monument Metro Collect Point
5035,Newcastle Northum Park Collect
4480,Newcastle Under Lyme Argos in Sainsburys
4166,New Cross Gate Argos in Sainsburys
6458,Newhall Local
4377,Newhaven Argos in Sainsburys
6174,Newington Butts Sainsburys Collection Pt
6459,Newland Avenue Local
324,Newmarket Argos
6066,New Mills Torr Top Street Collect Point
4439,Newport Argos in Sainsburys Superstore
5474,Newport Kingsway Sainsburys Collect Pt
2051,Newquay Argos  inside Sainsburys
5199,New Romney Sainsburys Collection Point
2014,Newry Argos in Sainsburys
2015,Newton Abbot Argos in Sainsburys
6408,Newton Abbot East Street Local
5172,Newton Stewart Sainsburys Collect Point
537,Newtownabbey Argos
548,Newtown Argos
4367,Nine Elms Wandsworth Rd in Sainsburys
6388,Northallerton
309,Northallerton Argos
470,Northampton St. Peters Square Argos
6480,Northampton Wellingborough Road Local
4322,North Cheam Argos in Sainsburys
4765,Northfield Argos in Sainsburys
2053,North Finchley Argos in Sainsburys
5949,Northgate Local Sainsburys Collect Point
6187,Northowram Bradford Rd Collection Point
5533,Northumberland St Sainsburys Collect
4481,North Walsham Argos in Sainsburys
2048,Northwich Argos in Sainsburys
4499,Norwich Pound Lane Argos in Sainsburys
4446,Nottingham Kimberley Argos in Sainsburys
4633,Nottingham Perry Rd Argos in Sainsburys
6222,Nottingham Sainsbury's Collection Point
2016,Nuneaton Argos in Sainsburys
6460,Nuns Street Local
47,Oban Argos
4849,Oldbury Argos in Sainsburys
4372,Oldham Argos in Sainsburys
752,Oldham Elk Mill Argos
4143,Old Kent Road Argos
5459,Old Steine Sainsburys Local Collect
448,Old Street Argos
4535,Olney Argos in Sainsburys
684,Omagh Argos
546,Ormskirk Argos
4257,Orpington Argos in Sainsburys
4201,Orpington Springvale RP Argos
4715,Osmaston Park Argos in Sainsburys
4638,Oswestry Argos in Sainsburys
4695,Otley Argos in Sainsburys
4791,Ottery St Mary Argos in Sainsburys
5039,Oxford Cowley Sainsburys Collect
5483,Oxford Headington Sainsburys Collect
4454,Oxford Heyford Hill Argos in Sainsburys
5741,Oxford Road Sainsburys Collect
5963,Oxford Sainsburys Collection Point
6047,Oxted Sainsburys Collection Point
4132,Paignton Argos in Sainsburys
4155,Paisley Linwood Argos
6092,Park Gate Sainsburys Loc Collection Pt
575,Parkhead Forge Argos
2245,Partick Argos in Sainsbury's
6215,Peacehaven South Coast Rd CP
6003,Peckham Queens Road Sainsburys CP
5192,Peebles Sainsburys Collection Point
4126,Pembroke Dock London Road Argos
6088,Penarth Local Sainsburys Collect Point
6479,Penarth Windsor Road Local
4868,Penge Argos in Sainsburys
6504,Penrith
4836,Penrith Argos
5495,Penwortham Local Sainsburys Collect
4708,Penzance Argos in Sainsburys
4375,Pepper Hill Argos in Sainsburys
4179,Perry Barr Argos
5901,Perth High St Sainsburys Collect Point
6009,Perton Sainsburys Collection Point
4045,Peterborough Argos in Sainsburys
4110,Peterborough Maskew Avenue
87,Peterhead Argos
234,Peterlee Argos
5489,Petts Wood Loc Sainsburys Collect Point
5446,Piccadilly Station Sainsburys Collect Pt
4705,Pimlico Argos in Sainsburys (Victoria)
4867,Pinner Argos in Sainsburys
6335,Plymouth
4381,Plymouth Marsh Mills Argos in Sainsburys
475,Plymouth Royal Parade Argos
4202,Plymouth Transit Way Argos
5066,Pocklington Sainsburys Collection Point
5411,Pollockshields Sainsburys Collect
4136,Pontardawe Argos
35,Pontefract Argos
5206,Ponteland Sainsburys Collection Point
2017,Pontllanfraith Argos in Sainsburys
4455,Pontypridd Argos in Sainsburys
4413,Poole Argos in Sainsburys
2018,Portishead Argos in Sainsburys
5405,Portland Road Sainsburys Collect
419,Portsmouth Argos
4801,Portswood Argos in Sainsburys
305,Port Talbot Argos
4804,Potters Bar in Sainsburys
4466,Preston Deepdale Argos in Sainsburys
5972,Preston Fishergate Sainsburys CP
5528,Preston Old Rd Sainsburys Collection
5496,Preston Tag Lane Sainsburys Collect Pt
4634,Prestwick Argos in Sainsburys
6413,Prestwood Wycombe Road Local
5007,Pudsey Town Sainsburys Collection Point
5184,Pulborough Sainsburys Collection Point
5513,Purley High St Sainsburys Collect
4009,Purley Way Argos in Sainsburys
6037,Putney Sainsburys Collection Point
6317,Queens Rd
6409,Rayleigh Eastwood Road Local
4081,Rayleigh Weir Argos in Sainsburys
6376,Reading
790,Reading Forbury Argos
672,Redcar Argos
2071,Redditch Argos in Sainsburys
4474,Redhill Argos in Sainsburys
4709,Reedswood Argos in Sainsburys
275,Retford Argos
4544,Rhyl in Sainsburys
4824,Richmond Argos in Sainsburys
5447,Richmond Station Sainsburys Loc Collect
4828,Ringwood Argos in Sainsburys
4652,Ripley Argos in Sainsburys
4068,Ripon Argos in Sainsburys
4161,Rochdale Central Retail Park
5461,Rochdale Rd Sainsburys Loc Collect
767,Rochester Strood Argos
4184,Romford Gallows Corner Argos
4542,Romford in Sainsburys
5480,Romiley Loc Sainsburys Collect Point
4165,Ross on Wye Argos in Sainsburys
5521,Rosyth Admiralty Rd Sainsburys CP
347,Rotherham Parkgate Argos
4422,Rowley Regis Blackheath in Sainsburys
4678,Rugby Argos in Sainsburys
6481,Rugby Hillmartin Road Local
831,Rugeley Argos
5535,Ruislip High St Sainsburys Collect Pt
5420,Rumney Newport Rd Sainsburys Collect
168,Runcorn Argos
5744,Rushden South Sainsburys Collect Point
4328,Rustington Argos in Sainsburys
5757,Ryton Sainsburys Collection Point
5965,Sainsbury Gourock Kempock Click and Coll
5967,Sainsburys Inverkip Click &amp; Collect
6244,Sainsburys Oxford Walton Click and Colle
4531,Sale Argos in Sainsburys
4724,Salford Argos in Sainsburys
2131,Salisbury Argos in Sainsburys
5062,Saltburn Sainsburys Collection Point
4597,Saltcoats Argos in Sainsburys
6475,Sandown Local
4429,Scarborough Argos in Sainsburys
6384,Scunthorpe
5722,Seaham Local Argos Collection Point
6473,Seaton Carew Station Road Local
4384,Sedgefield Argos in Sainsburys
5406,Sedgley Park Local Sainsburys Collect
4373,Sedlescombe Road Argos in Sainsburys
2020,Selby Argos in Sainsburys
4819,Selly Oak Argos in Sainsburys
5061,Selsdon Sainsburys Collection Point
4448,Sevenoaks Argos in Sainsburys
6083,Shafton Sainsbury's Collection Point
5938,Shandwick Place Sainsburys Collect Point
4450,Sheffield Archer Road in Sainsburys
5317,Sheffield Arundel Sainsburys Collect Pt
5319,Sheffield Crookes Sainsburys Collect Pt
6220,Sheffield Ecclesall Road Sainsbury's CP
6059,Sheffield High St Sainsburys Collection
332,Sheffield Meadowhall Argos
6219,Sheldon Square Collection Point
6395,Shenley Church End
6446,Shepherds Bush Bloemfontein Road Local
5746,Shepherds Bush Sainsburys Collect Point
6197,Shepherds Bush The Broadway Collect PT
5445,Shepperton Sainsburys Collect
4109,Shepton Mallet Argos
5167,Sherborne Sainsburys Collection Point
6476,Sheringham Local
6195,Sherwood Mansfield Road CP Open Soon
4720,Shirley Argos in Sainsburys
5990,Shoeburyness Sainsburys Collection Point
5444,Shoreditch Old Street Sainsburys Collect
2036,Shorehead Argos in Sainsburys
2133,Shrewsbury Argos in Sainsburys
5996,Sidney St Sainsburys Collection Point
5512,Sidwell St Sainsburys Loc Collect
5551,Simonside Loc  sainsbu TEMP CLOSING SOON
4488,Sittingbourne Argos in Sainsburys
78,Skegness Argos
335,Skelmersdale Argos
4669,Sleaford Argos in Sainsburys
5434,Sloane Ave Sainsburys Collect
4415,Slough Argos in Sainsburys
4117,Small Heath Argos
5745,Smawthorne Lane Sainsburys Collect
4646,Solihull Mell Sq. Argos in Sainsburys
182,Southampton West Quay Argos
6483,South Benfeelt High Rd Local
5422,South Clerk St Sainsburys Collect Point
6041,South Ealing Sainsburys Collection Point
787,Southend Airport Argos
4826,Southend Argos in Sainsburys
6120,South Molton Sainsbury's Collect Point
6374,Southport
4134,Southport Meols Cop Argos
2095,South Ruislip Argos in Sainsbury's
5456,Southsea Albert Rd Sainsburys CP
147,South Shields Argos
5205,South Shields Sainsburys Collect Point
4520,South Woodford Argos in Sainsburys
4523,South Woodham Ferrers Argos in Sainsbury
6385,Spalding
89,Spalding Argos
283,Speke Argos
6119,Spilsby Sainsbury's Collect Point
4545,Springfield in Sainsburys
6461,Sprotbrough Local
6382,Sprucefield
4807,Stafford Argos in Sainsburys
6337,Staines
140,Staines Argos
4664,St Albans Everard Cl Argos in Sainsburys
6205,St Albans Station Approach Collection Pt
4876,Stamford Argos in Sainsburys
6392,Stamford Hill
6057,St Andrews Market Street Collect Point
5900,Stanmore Sainsburys Collection Point
2185,Stanway Argos in Sainsbury's
6404,Stanwell Local
6001,Stapleford Derby Rd Loc Sainsburys CP
4080,Staplehurst Argos in Sainsburys
4163,Staples Corner Argos
5499,Station Approach Sainsburys CP
278,St. Austell Argos
5491,St Dunstans Street Sainsburys Collection
668,Stechford Argos
6315,Stevenage
408,Stevenage Argos
2419,Stevenage Argos in Sainsburys OPEN SOON
4194,St Helens Ravenhead
4843,Stirling Argos in Sainsburys
5505,St Johns Road Sainsburys Collect Point
314,St. Neots Argos
5548,St Nicholas Sc Sainsburys Collection
665,Stockport Peel Centre Argos
5475,Stockton Heath Sainsburys Collection
6213,Stockwell Clapham RD Sainsburys CP
6093,Stockwell Station Collection Point
664,Stoke Festival Park Argos
5978,Stoke Newington Sainsburys Collect
4368,Stoke on Trent Argos in Sainsburys
4224,Stornoway Argos
315,Stowmarket Argos
5717,St. Pauls Road Sainsburys Collect
2196,Strabane Argos
4023,Straiton Argos in Sainsbury
6320,Strand Rd
2188,Strand Road Argos in Sainsbury
699,Stranraer Argos
5994,Stratford
105,Stratford Argos
6189,Stratford East Village CP
5989,Stratford Romford Rd Sainsburys Collect
4149,Stratford upon Avon Argos
4822,Strathaven Argos in Sainsburys
4094,Streatham Common Argos in Sainsburys
5743,Streatham Loc Sainsburys Collect Point
4515,Street Argos in Sainsburys
4812,Stroud Argos in Sainsburys
5716,St Stephens Sainsburys Collection Point
4428,Sudbury Argos in Sainsburys
4470,Sunderland North in Sainsburys
4467,Sunderland Silksworth Argos in Sainsbury
6162,Surbiton Sainsburys Collection Point
2021,Sutton Argos in Sainsburys
6058,Sutton Hackbridge Station Collect Point
6462,Sutton Park Local
2061,Swadlincote Argos in Sainsburys
6412,Swadlincote Glamorgan Way Local
4723,Swansea Argos in Sainsburys
5092,Swansea Gorseinon Sainsbury's Collect PT
4383,Swindon Bridgemead Argos in Sainsburys
2069,Swindon Stratton Argos in Sainsburys
6000,Swindon Tadpole Village Sainsburys CP
4433,Sydenham Argos in Sainsburys
5065,Tadcaster Sainsburys Collection Point
4635,Tadley Argos in Sainsburys
884,Talbot Green Retail Park Argos
4543,Talbot Heath Argos in Sainsburys
2147,Tamworth Argos in Sainsburys
4663,Taplow Argos in Sainsburys
6336,Taunton
477,Taunton Argos
5534,Teal Farm Sainsburys Local Collect
6379,Telford
238,Telford Colliers Way Argos
5091,Tenby Sainsburys Collection Point
4014,Tewkesbury Road Argos in Sainsburys
6110,Thame Sainsburys Collection Point
4089,Thanet Westwood Cross Argos Sainsburys
5560,The Broadway Sainsburys Collect
4064,The Moor Argos in Sainsburys
4434,Thetford Argos in Sainsburys
6038,Thorne Sainsburys Collection Point
4809,Throckley Argos in Sainsburys
6410,Timperley Stockport Road Local
892,Tiverton Argos
4393,Tonbridge Argos in Sainsburys
6330,Tooting Sainsburys Collect Point
5143,Torpoint Sainsburys Collection Point
4516,Torquay Argos in Sainsburys
4636,Tottenham Argos in Sainsburys
4238,Tottenham Court Road Argos
692,Totton Argos
2066,Trowbridge Argos in Sainsburys
5146,Truro Sainsburys Collection Point
922,Truro Treliske Retail Park
4549,Tunbridge Wells in Sainsburys
830,Tunstall Argos
5454,Twickenham The Green Loc Sainsburys CP
5438,Uplands Crescent Sainsburys Collect
5712,Upper Heyford Sainsburys Collect Point
5052,Upper Norwood Sainsburys Collect Point
2091,Upton Argos in Sainsburys
4875,Urmston Argos in Sainsburys
759,Uttoxeter Argos
2022,Uxbridge Argos in Sainsburys
5301,Vivian Avenue Sainsburys Collect Point
2073,Wadsley Bridge Argos in Sainsburys
5981,Wakefield Ings Road Sainsburys Collect
2077,Wakefield Marsh Way Argos in Sainsburys
4226,Wallington Argos in Sainsburys
4269,Walsall Crown Wharf Argos
5471,Walsall Road Sainsburys Collect Point
4524,Waltham Cross Argos in Sainsburys
2023,Walthamstow High St Argos in Sainsburys
4441,Walthamstow Low Hall in Sainsburys
4821,Walton on Thames Argos in Sainsburys
5509,Walton Road Sainsburys Collect
4527,Wandsworth Argos in Sainsburys
5432,Wandsworth Rd Local Sainsburys Collect
2024,Wantage Argos in Sainsburys
5125,Wareham Sainsburys Collection Point
5524,Ware Star St Sainsburys Collect
4387,Warlingham Argos Sainsburys
925,Warminster Argos
2082,Warrington Argos in Sainsburys
5149,Warrington Chapelford Sainsburys Collect
4471,Warwick Argos in Sainsburys
4685,Washington Argos in Sainsburys
4679,Watchmoor Park Argos in Sainsburys
5810,Water Lane Sainsburys Collection Point
5426,Waterloo Road Sainsburys Collect Point
2086,Waterlooville Argos in Sainsburys
2088,Watford Albert Road Argos in Sainsburys
4648,Watford Dome Roundabout in Sainsburys
2072,Wednesfield Argos in Sainsburys
4674,Weedon Road Argos in Sainsburys
6463,Welholme Road Local
6159,Wellesbourne Sainsburys Collection Point
2027,Wellingborough Argos in Sainsburys
4704,Welwyn Garden City Argos in Sainsburys
4248,Wembley Central Argos
4502,Wembley West Olympic Way in Sainsburys
4430,West Belfast Argos in Sainsburys
6040,Westbourne Grove Sainsbury's CP
5951,Westbury Loc Sainsburys Collection Point
6171,West Cowes Sainsburys Collection Point
5538,West Croydon Station Sainsburys Collect
5523,West Drayton Sainsburys Collection Point
2096,West Ealing Argos In Sainsbury's
4267,Westfield Stratford Argos
4841,West Green Argos in Sainsburys
5539,West Hampstead Sainsburys Collection
4689,Westhoughton Argos in Sainsburys
4320,West Hove Argos in Sainsburys
6440,Westminster Edgware Road Local
5728,Westminster Marble Arch Sainsburys CP
5992,Westminster Marsham St CP
6512,Westminster Rochester Row C&amp;C OPEN SOON
5948,Westminster Strand Loc Sainsburys CP
4637,West Monkseaton Argos in Sainsburys
5318,West Norwood Sainsburys Collect Point
5059,West Wickham Sainsbury collection point
5991,Wetherby Local Sainsburys Collect Point
6004,Weybridge Loc Sainsburys Collect Point
4525,Weymouth Argos in Sainsburys
4507,Whitby in Sainsburys
4829,Whitchurch Argos in Sainsburys
4677,Whitechapel Argos Sainsburys Superstore
4133,Whitechapel Road Argos
258,Whitehaven Argos
5069,Whitehouse Farm Sainsburys Collect Point
5197,Whitstable Sainsburys Collection Point
5425,Whitworth Street Sainsburys Collect
834,Wick Argos
5058,Wickham High St Sainsburys Collect Point
5277,Widnes Colleague Collection Point
4702,Wigan Argos in Sainsburys
4823,Wigston Argos in Sainsburys
5975,Willesden Green Sainsburys Collect Point
4490,Wilmslow Argos in Sainsburys
5908,Wimbledon Sainsburys Collection Point
6089,Winchburgh Main St Collect Point
6375,Winchester
4451,Winchester Badger Farm in Sainsburys
4842,Winchmore Hill Argos in Sainsburys
6055,Windermere Sainsbury's Collection Point
4512,Winnersh Argos in Sainsburys
788,Winsford Argos
4700,Winterstoke Road Argos in Sainsburys
5481,Winton Sainsburys Local Collection Point
2314,Wisbech Argos
765,Wishaw Argos
4835,Witney Argos in Sainsburys
4157,Woking Lion Retail Park Argos
5233,Woking Sainsburys Collection Point
5462,Wollaston High St Sainsburys Collect
5500,Wolverhampton Interchange Sainsburys CP
4533,Wolverhampton St Marks in Sainsburys
5095,Wombourne Sainsburys Collection Point
5419,Woodford Green Sainsburys Collect Point
6386,Wood Green
420,Wood Green Argos
4711,Woodhall Farm in Sainsburys
5082,Woodhall Spa Collection Point
5463,Woodsend Circle Sainsburys Collect
6188,Woolston Manchester Rd Collection Point
2028,Woolwich Argos in Sainsburys
6482,Woolwich Arsenal Local
5484,Woolwich Road Sainsburys Collect Point
6387,Wootton Bassett
4171,Worcester Elgar Retail Park Argos
5099,Worcester St Johns Sainsburys Collect Pt
247,Workington Argos
4449,Worksop Argos in Sainsburys
2122,Worle Argos in Sainsburys
5487,Worple Road Sainsburys Local Collection
5299,Worsley Boothstown Sainsburys Collect
2120,Wrexham Argos Inside Sainsbury
5448,Wylde Grn Loc Sainsburys CP
5068,Yarm Sainsburys Collection Point
381,Yate Argos
6216,Yateley Harpdon Parade Sainsburys CP
667,Yeovil Babylon Hill Argos
6007,York Foss Bank Sainsburys Collect Point
4668,York Monks Cross Argos in Sainsburys
5961,York Piccadilly Argos in Sainsburys CP
